{
    "LegsInput": {
        "screenshot": ".images\\input-screenshot.png",
        "source": "https://robotsparebinindustries.com/#/robot-order",
        "strategy": "xpath",
        "type": "browser",
        "value": "//div[@id='root']/div/div/div/div/form/div[3]/input"
    },
    "ModalOKButton": {
        "screenshot": ".images\\button-screenshot.png",
        "source": "https://robotsparebinindustries.com/#/robot-order",
        "strategy": "css",
        "type": "browser",
        "value": ".btn-dark"
    }
}